KODE,NAMA PROVINSI,BAHASA INDONESIA,BAHASA INGGRIS,MATEMATIKA,FISIKA,KIMIA,BIOLOGI,RERATA NILAI,Tahun,Status
1,DKI JAKARTA,-8.439999999999998,-11.11999999999999,-5.380000000000003,-15.310000000000002,-5.810000000000002,-5.710000000000001,-8.630000000000003,2015-2016,S
2,JAWA BARAT,-8.219999999999999,-9.019999999999996,1.6299999999999955,-10.880000000000003,-1.5600000000000023,-5.109999999999999,-5.530000000000001,2015-2016,S
3,JAWA TENGAH,-5.900000000000006,-4.8700000000000045,4.690000000000005,-4.810000000000002,2.770000000000003,3.8800000000000026,-0.7100000000000009,2015-2016,S
4,DI YOGYAKARTA,-7.450000000000003,-7.740000000000002,-0.3299999999999983,-11.519999999999996,-0.9099999999999966,-4.790000000000006,-5.449999999999996,2015-2016,S
5,JAWA TIMUR,-6.63000000000001,-10.969999999999999,-7.619999999999997,-14.799999999999997,-1.8400000000000034,-3.3100000000000023,-7.530000000000001,2015-2016,S
6,ACEH,-12.880000000000003,-18.000000000000007,-13.969999999999999,-14.920000000000002,-22.35000000000001,-13.120000000000005,-15.869999999999997,2015-2016,S
7,SUMATERA UTARA,-11.870000000000005,-10.899999999999991,-9.810000000000002,-6.969999999999999,-1.4300000000000068,-3.289999999999992,-7.38000000000001,2015-2016,S
8,SUMATERA BARAT,-10.750000000000007,-0.9699999999999989,-1.1700000000000017,-13.170000000000002,-5.32,-10.869999999999997,-7.049999999999997,2015-2016,S
9,RIAU,-7.960000000000008,-11.830000000000005,-11.370000000000005,-15.18,-10.020000000000003,-9.18,-10.920000000000002,2015-2016,S
10,JAMBI,-9.910000000000004,-16.380000000000003,-11.659999999999997,-12.04,-18.409999999999997,-11.079999999999998,-13.25,2015-2016,S
11,SUMATERA SELATAN,-13.059999999999995,-15.969999999999999,-21.1,-27.89,-25.919999999999995,-14.589999999999996,-19.749999999999993,2015-2016,S
12,LAMPUNG,-9.810000000000002,-9.920000000000002,-1.3099999999999952,2.229999999999997,-4.740000000000002,-4.769999999999996,-4.719999999999999,2015-2016,S
13,KALIMANTAN BARAT,-9.319999999999993,-13.32,-4.039999999999999,-1.1900000000000048,-4.079999999999998,-1.4600000000000009,-5.57,2015-2016,S
14,KALIMANTAN TENGAH,-11.119999999999997,-6.030000000000001,1.8299999999999983,-5.400000000000002,-3.3999999999999986,-0.9200000000000017,-4.170000000000002,2015-2016,S
15,KALIMANTAN SELATAN,-7.010000000000005,-16.42,-16.4,-16.880000000000003,-2.450000000000003,-1.9399999999999977,-10.18,2015-2016,S
16,KALIMANTAN TIMUR,-6.980000000000004,-11.329999999999998,-3.1700000000000017,-13.04,-4.390000000000001,0.6799999999999997,-6.369999999999997,2015-2016,S
17,SULAWESI UTARA,-10.779999999999994,-18.259999999999998,-12.119999999999997,-15.380000000000003,-9.509999999999998,-10.509999999999998,-12.759999999999998,2015-2016,S
18,SULAWESI TENGAH,-4.210000000000001,-9.329999999999998,-3.5799999999999983,-3.8900000000000006,4.660000000000004,0.6500000000000057,-2.6099999999999994,2015-2016,S
19,SULAWESI SELATAN,-13.079999999999998,-15.910000000000004,-4.969999999999999,-21.07,1.8500000000000014,-17.379999999999995,-11.759999999999998,2015-2016,S
20,SULAWESI TENGGARA,-6.990000000000002,-13.690000000000005,-16.589999999999996,-3.6200000000000045,-0.8299999999999983,-8.530000000000001,-8.380000000000003,2015-2016,S
21,MALUKU,0.3499999999999943,-6.640000000000001,1.3400000000000034,-1.3100000000000023,3.8400000000000034,0.46000000000000085,-0.3300000000000054,2015-2016,S
22,BALI,-11.799999999999997,-23.42,-22.020000000000003,-20.839999999999996,-16.240000000000002,-19.02000000000001,-18.89,2015-2016,S
23,NUSA TENGGARA BARAT,-4.710000000000001,-9.299999999999997,-9.759999999999998,-11.030000000000001,-9.479999999999997,-2.0600000000000023,-7.729999999999997,2015-2016,S
24,NUSA TENGGARA TIMUR,-5.779999999999994,-11.149999999999999,-1.9099999999999966,-7.369999999999997,2.239999999999995,0.5600000000000023,-3.8999999999999986,2015-2016,S
25,PAPUA,-2.9100000000000037,-7.939999999999998,-5.02,-6.349999999999998,-4.68,-1.2199999999999989,-4.68,2015-2016,S
26,BENGKULU,-5.3799999999999955,-16.940000000000005,-3.1099999999999994,-20.240000000000002,-8.879999999999999,-16.270000000000003,-11.810000000000002,2015-2016,S
27,MALUKU UTARA,-2.3900000000000006,-10.11,-6.910000000000004,-4.719999999999999,1.7899999999999991,-0.30000000000000426,-3.769999999999996,2015-2016,S
28,BANGKA BELITUNG,-6.630000000000003,-5.1299999999999955,1.9899999999999984,-2.1900000000000013,0.9000000000000057,2.8100000000000023,-1.3800000000000026,2015-2016,S
29,GORONTALO,-4.350000000000001,-21.75,-9.799999999999997,-15.25,2.280000000000001,-16.009999999999998,-10.810000000000002,2015-2016,S
30,BANTEN,-7.039999999999992,-9.879999999999995,-5.130000000000003,-12.5,-8.020000000000003,-5.939999999999998,-8.079999999999998,2015-2016,S
31,KEPULAUAN RIAU,-5.3999999999999915,-7.470000000000006,4.170000000000002,-9.189999999999998,1.0700000000000003,-3.8000000000000043,-3.4299999999999997,2015-2016,S
32,SULAWESI BARAT,-5.950000000000003,-12.729999999999997,-7.879999999999999,-6.880000000000003,-0.8299999999999983,-5.520000000000003,-6.630000000000003,2015-2016,S
33,PAPUA BARAT,-5.539999999999992,-6.919999999999995,-4.980000000000004,-3.289999999999999,-4.780000000000001,-5.240000000000002,-5.1200000000000045,2015-2016,S
34,KALIMANTAN UTARA,-6.439999999999998,-7.969999999999999,2.0299999999999976,-2.1099999999999994,1.3800000000000026,7.32,-0.9600000000000009,2015-2016,S
1,DKI JAKARTA,-1.8299999999999983,-7.259999999999991,-10.860000000000007,-16.440000000000005,-7.829999999999998,-13.190000000000005,-7.960000000000008,2015-2017,S
2,JAWA BARAT,-5.310000000000002,-11.529999999999994,-13.610000000000007,-15.170000000000002,-6.850000000000001,-15.39,-10.550000000000004,2015-2017,S
3,JAWA TENGAH,-1.6099999999999994,-8.11,-4.1299999999999955,-2.9200000000000017,6.710000000000001,-3.530000000000001,-1.6599999999999966,2015-2017,S
4,DI YOGYAKARTA,-1.2900000000000063,-2.280000000000001,0.5,-2.0,5.990000000000002,-3.1200000000000045,1.7100000000000009,2015-2017,S
5,JAWA TIMUR,-4.010000000000005,-21.380000000000003,-23.759999999999998,-20.349999999999994,-4.030000000000001,-16.760000000000005,-14.600000000000001,2015-2017,S
6,ACEH,-11.490000000000002,-28.630000000000003,-27.739999999999995,-32.13,-28.680000000000007,-28.68,-24.299999999999997,2015-2017,S
7,SUMATERA UTARA,-15.170000000000002,-19.93,-21.900000000000006,-25.200000000000003,-24.60000000000001,-17.879999999999995,-20.140000000000008,2015-2017,S
8,SUMATERA BARAT,-6.400000000000006,-0.3400000000000034,-8.25,-25.4,-15.279999999999994,-13.160000000000004,-10.090000000000003,2015-2017,S
9,RIAU,-4.900000000000006,-14.64,-20.1,-21.199999999999996,-11.490000000000002,-18.57,-14.220000000000006,2015-2017,S
10,JAMBI,-6.109999999999999,-12.030000000000001,-8.850000000000001,2.1000000000000014,-11.799999999999997,-15.25,-8.110000000000007,2015-2017,S
11,SUMATERA SELATAN,-11.779999999999994,-24.159999999999997,-35.72,-33.77,-22.859999999999992,-24.75,-24.869999999999997,2015-2017,S
12,LAMPUNG,-7.510000000000005,-17.64,-15.509999999999998,-8.329999999999998,-7.440000000000005,-17.72,-10.759999999999998,2015-2017,S
13,KALIMANTAN BARAT,-6.969999999999999,-20.549999999999997,-16.380000000000003,-10.5,-10.300000000000004,-13.5,-11.840000000000003,2015-2017,S
14,KALIMANTAN TENGAH,-8.340000000000003,-7.880000000000003,-0.5800000000000018,-6.0000000000000036,-4.450000000000003,-2.25,-1.1499999999999986,2015-2017,S
15,KALIMANTAN SELATAN,-1.4399999999999977,-13.700000000000003,-27.499999999999996,-22.130000000000003,-2.1799999999999997,-12.240000000000002,-11.280000000000001,2015-2017,S
16,KALIMANTAN TIMUR,-0.060000000000002274,-1.2800000000000011,-3.0700000000000003,-1.7299999999999969,3.240000000000002,-2.710000000000001,0.7199999999999989,2015-2017,S
17,SULAWESI UTARA,-8.829999999999991,-15.299999999999997,-25.989999999999995,-25.180000000000007,-10.990000000000002,-22.199999999999996,-16.71,2015-2017,S
18,SULAWESI TENGAH,-1.4299999999999997,-4.359999999999999,-6.989999999999998,-5.380000000000003,14.46,-4.989999999999995,-1.019999999999996,2015-2017,S
19,SULAWESI SELATAN,-13.159999999999997,-13.010000000000005,-26.549999999999997,-35.51,0.6900000000000048,-28.929999999999993,-18.659999999999997,2015-2017,S
20,SULAWESI TENGGARA,-4.270000000000003,-1.0300000000000011,-6.789999999999992,-6.880000000000003,8.280000000000001,-6.560000000000002,-2.960000000000001,2015-2017,S
21,MALUKU,-6.3700000000000045,0.480000000000004,1.8000000000000043,-8.230000000000004,8.970000000000006,1.2299999999999969,0.8099999999999952,2015-2017,S
22,BALI,-7.8999999999999915,-17.17,-31.450000000000003,-37.64999999999999,-20.660000000000004,-29.980000000000004,-21.89,2015-2017,S
23,NUSA TENGGARA BARAT,-5.010000000000005,-7.869999999999997,-15.189999999999998,-12.479999999999997,-0.8399999999999963,-4.710000000000001,-6.539999999999999,2015-2017,S
24,NUSA TENGGARA TIMUR,-3.5899999999999963,-5.850000000000001,-0.9999999999999964,0.3500000000000014,7.43,3.5700000000000003,1.4099999999999966,2015-2017,S
25,PAPUA,-6.850000000000001,-3.9299999999999997,-5.459999999999997,-1.8099999999999952,-0.30999999999999517,-1.6099999999999994,-2.240000000000002,2015-2017,S
26,BENGKULU,-3.009999999999991,-19.700000000000003,-3.8100000000000023,-18.260000000000005,-4.369999999999997,-19.020000000000003,-9.810000000000002,2015-2017,S
27,MALUKU UTARA,-5.890000000000001,-2.3799999999999955,-6.940000000000005,-13.32,-2.5700000000000003,-2.3700000000000045,-3.1099999999999994,2015-2017,S
28,BANGKA BELITUNG,-0.1599999999999966,-5.369999999999997,7.459999999999997,10.36,14.86,5.230000000000004,6.270000000000003,2015-2017,S
29,GORONTALO,0.1600000000000037,-17.0,-9.25,-1.75,15.43,-17.159999999999997,-6.200000000000003,2015-2017,S
30,BANTEN,-4.25,-13.030000000000001,-13.520000000000003,-6.729999999999997,-2.759999999999998,-14.149999999999999,-9.149999999999999,2015-2017,S
31,KEPULAUAN RIAU,-2.8499999999999943,-0.23000000000000398,6.6200000000000045,-0.7299999999999969,3.0700000000000003,-2.3100000000000023,2.6099999999999994,2015-2017,S
32,SULAWESI BARAT,-5.719999999999999,-10.129999999999995,-10.32,2.799999999999997,16.240000000000002,-11.190000000000005,-6.490000000000002,2015-2017,S
33,PAPUA BARAT,-12.129999999999995,-3.259999999999998,-14.75,-6.479999999999997,-4.990000000000002,-11.549999999999997,-9.14,2015-2017,S
34,KALIMANTAN UTARA,-2.719999999999999,-8.129999999999995,1.5,5.459999999999997,8.259999999999998,7.07,3.460000000000001,2015-2017,S
1,DKI JAKARTA,-3.7299999999999898,-4.769999999999996,-13.600000000000001,-21.940000000000005,-8.170000000000002,-10.079999999999998,-8.570000000000007,2015-2018,S
2,JAWA BARAT,-8.120000000000005,-8.799999999999997,-18.950000000000003,-20.4,-7.710000000000001,-16.11,-12.240000000000002,2015-2018,S
3,JAWA TENGAH,-4.049999999999997,-4.140000000000001,-6.809999999999995,-8.340000000000003,5.719999999999999,-3.559999999999995,-2.219999999999999,2015-2018,S
4,DI YOGYAKARTA,-4.609999999999999,1.7000000000000028,-3.700000000000003,-8.75,4.550000000000004,-2.8500000000000014,0.39000000000000057,2015-2018,S
5,JAWA TIMUR,-5.590000000000003,-16.340000000000003,-26.25,-24.0,-5.350000000000001,-15.240000000000002,-14.259999999999998,2015-2018,S
6,ACEH,-13.420000000000002,-29.78000000000001,-35.28999999999999,-32.46,-26.070000000000007,-28.950000000000003,-26.979999999999997,2015-2018,S
7,SUMATERA UTARA,-21.949999999999996,-28.699999999999996,-40.300000000000004,-38.01,-29.510000000000005,-30.779999999999994,-31.590000000000003,2015-2018,S
8,SUMATERA BARAT,-7.260000000000005,-2.1499999999999986,-18.83,-34.38,-15.979999999999997,-17.4,-14.530000000000001,2015-2018,S
9,RIAU,-8.060000000000002,-11.920000000000002,-22.270000000000003,-19.269999999999996,-12.409999999999997,-16.809999999999995,-14.480000000000004,2015-2018,S
10,JAMBI,-9.320000000000007,-14.380000000000003,-20.259999999999998,-9.189999999999998,-5.18,-17.119999999999997,-12.880000000000003,2015-2018,S
11,SUMATERA SELATAN,-14.639999999999993,-19.909999999999997,-36.620000000000005,-34.730000000000004,-17.789999999999992,-22.11,-24.059999999999995,2015-2018,S
12,LAMPUNG,-9.020000000000003,-15.43,-18.779999999999998,-10.980000000000004,-5.880000000000003,-18.259999999999998,-11.559999999999995,2015-2018,S
13,KALIMANTAN BARAT,-8.810000000000002,-15.409999999999997,-17.299999999999997,-9.29,-7.210000000000001,-10.469999999999999,-10.520000000000003,2015-2018,S
14,KALIMANTAN TENGAH,-9.380000000000003,-6.590000000000003,-4.060000000000002,-1.0399999999999991,0.6400000000000006,-2.4099999999999966,-1.7899999999999991,2015-2018,S
15,KALIMANTAN SELATAN,-1.4500000000000028,-9.380000000000003,-27.049999999999997,-23.490000000000002,0.7199999999999989,-6.969999999999999,-9.189999999999998,2015-2018,S
16,KALIMANTAN TIMUR,-2.069999999999993,-3.3000000000000043,-7.770000000000003,-8.96,2.3300000000000054,-2.1200000000000045,-1.6799999999999997,2015-2018,S
17,SULAWESI UTARA,-8.589999999999996,-19.33,-30.949999999999996,-27.250000000000007,-8.799999999999997,-20.619999999999997,-18.67,2015-2018,S
18,SULAWESI TENGAH,-1.4299999999999997,-8.11,-8.059999999999999,-9.689999999999998,16.25,-0.8999999999999986,-1.5499999999999972,2015-2018,S
19,SULAWESI SELATAN,-12.579999999999998,-22.000000000000007,-35.75,-38.21,-0.3999999999999986,-35.709999999999994,-24.559999999999995,2015-2018,S
20,SULAWESI TENGGARA,-5.859999999999999,-20.370000000000005,-26.859999999999992,-24.500000000000007,-1.6499999999999986,-18.96,-16.42,2015-2018,S
21,MALUKU,-1.1000000000000014,-0.45999999999999375,0.28000000000000114,-5.780000000000001,13.380000000000003,1.1299999999999955,1.6799999999999997,2015-2018,S
22,BALI,-8.89,-20.43,-36.46000000000001,-37.97999999999999,-23.990000000000002,-25.17000000000001,-23.410000000000004,2015-2018,S
23,NUSA TENGGARA BARAT,-3.75,-9.759999999999998,-18.319999999999997,-13.809999999999995,2.5900000000000034,-3.030000000000001,-7.07,2015-2018,S
24,NUSA TENGGARA TIMUR,-0.8999999999999986,-2.809999999999995,-0.4899999999999949,0.240000000000002,12.689999999999998,3.6199999999999974,3.1700000000000017,2015-2018,S
25,PAPUA,-4.850000000000001,-5.329999999999998,-8.43,-2.6599999999999966,1.0100000000000051,-4.039999999999999,-3.259999999999998,2015-2018,S
26,BENGKULU,-4.769999999999996,-14.07,-3.8599999999999994,-15.220000000000006,1.9799999999999969,-15.450000000000003,-7.910000000000004,2015-2018,S
27,MALUKU UTARA,-4.93,-6.549999999999997,-12.590000000000003,-9.510000000000005,-3.039999999999999,-7.100000000000001,-6.369999999999997,2015-2018,S
28,BANGKA BELITUNG,-4.480000000000004,-1.1799999999999997,2.169999999999998,7.090000000000003,12.270000000000003,6.329999999999998,4.730000000000004,2015-2018,S
29,GORONTALO,-3.969999999999999,-18.990000000000002,-15.16,-15.170000000000002,3.960000000000001,-17.61,-9.969999999999999,2015-2018,S
30,BANTEN,-6.61999999999999,-9.829999999999998,-15.43,-8.560000000000002,-2.539999999999999,-12.800000000000004,-9.229999999999997,2015-2018,S
31,KEPULAUAN RIAU,-3.1799999999999926,-1.0,4.700000000000003,-2.3799999999999955,7.600000000000001,-1.5200000000000031,2.0900000000000034,2015-2018,S
32,SULAWESI BARAT,-5.060000000000002,-13.219999999999999,-11.120000000000001,-4.520000000000003,10.410000000000004,-7.210000000000001,-6.369999999999997,2015-2018,S
33,PAPUA BARAT,-11.199999999999996,-9.459999999999994,-20.5,-16.090000000000003,-12.770000000000003,-17.79,-13.650000000000006,2015-2018,S
34,KALIMANTAN UTARA,-4.43,-7.280000000000001,-2.780000000000001,2.5199999999999996,6.609999999999999,11.39,2.770000000000003,2015-2018,S
1,DKI JAKARTA,-1.25,-2.029999999999987,-11.71,-16.470000000000006,-7.140000000000001,-8.340000000000003,-6.1200000000000045,2015-2019,S
2,JAWA BARAT,-5.849999999999994,-6.789999999999999,-14.370000000000005,-17.740000000000002,-6.600000000000001,-12.39,-9.230000000000004,2015-2019,S
3,JAWA TENGAH,-1.3199999999999932,-3.6700000000000017,-3.4200000000000017,-5.130000000000003,7.050000000000004,-1.4600000000000009,-0.00999999999999801,2015-2019,S
4,DI YOGYAKARTA,-1.25,1.9299999999999997,-0.39000000000000057,-3.4099999999999966,5.399999999999999,-0.2700000000000031,2.8600000000000065,2015-2019,S
5,JAWA TIMUR,-4.540000000000006,-16.36,-23.43,-21.419999999999995,-5.010000000000005,-13.980000000000004,-12.949999999999996,2015-2019,S
6,ACEH,-12.970000000000006,-26.550000000000004,-29.819999999999997,-30.000000000000007,-23.370000000000005,-23.560000000000002,-23.479999999999997,2015-2019,S
7,SUMATERA UTARA,-21.97,-27.75,-37.07000000000001,-36.51,-30.040000000000006,-28.379999999999995,-30.090000000000003,2015-2019,S
8,SUMATERA BARAT,-5.5,-0.23000000000000398,-15.699999999999996,-32.46,-15.879999999999995,-14.299999999999997,-12.189999999999998,2015-2019,S
9,RIAU,-7.200000000000003,-12.840000000000003,-22.43,-20.4,-14.850000000000001,-16.519999999999996,-14.64,2015-2019,S
10,JAMBI,-5.670000000000002,-10.150000000000006,-14.189999999999998,-6.579999999999998,-13.86,-10.590000000000003,-8.380000000000003,2015-2019,S
11,SUMATERA SELATAN,-13.209999999999994,-18.380000000000003,-32.86,-33.14,-18.429999999999993,-18.36,-21.669999999999995,2015-2019,S
12,LAMPUNG,-6.180000000000007,-13.43,-14.239999999999995,-7.060000000000002,-3.0,-14.07,-8.189999999999998,2015-2019,S
13,KALIMANTAN BARAT,-6.200000000000003,-13.759999999999998,-13.700000000000003,-7.850000000000001,-6.590000000000003,-5.68,-7.700000000000003,2015-2019,S
14,KALIMANTAN TENGAH,-6.650000000000006,-3.8000000000000043,0.6300000000000026,3.3399999999999963,3.3500000000000014,3.0900000000000034,2.030000000000001,2015-2019,S
15,KALIMANTAN SELATAN,1.9599999999999937,-12.100000000000001,-24.089999999999996,-21.03,0.3500000000000014,-1.2100000000000009,-7.259999999999998,2015-2019,S
16,KALIMANTAN TIMUR,1.1599999999999966,-5.899999999999999,-7.859999999999999,-2.4399999999999977,3.1700000000000017,1.9600000000000009,-0.5999999999999943,2015-2019,S
17,SULAWESI UTARA,-7.86999999999999,-20.009999999999998,-26.509999999999998,-25.760000000000005,-13.869999999999997,-15.240000000000002,-16.659999999999997,2015-2019,S
18,SULAWESI TENGAH,-0.5399999999999991,-8.93,-5.039999999999999,-5.410000000000004,17.049999999999997,2.1200000000000045,-0.00999999999999801,2015-2019,S
19,SULAWESI SELATAN,-12.819999999999993,-21.630000000000003,-31.21,-35.62,-0.3499999999999943,-31.309999999999995,-22.419999999999995,2015-2019,S
20,SULAWESI TENGGARA,-9.090000000000003,-23.1,-32.97,-29.900000000000006,-15.14,-20.78,-20.380000000000003,2015-2019,S
21,MALUKU,-9.730000000000004,-12.14,-12.75,-11.590000000000003,-8.799999999999997,-5.480000000000004,-8.850000000000001,2015-2019,S
22,BALI,-5.569999999999993,-23.85,-37.300000000000004,-36.919999999999995,-26.810000000000002,-28.35000000000001,-24.21,2015-2019,S
23,NUSA TENGGARA BARAT,-3.4200000000000017,-7.100000000000001,-13.149999999999995,-10.019999999999996,1.3500000000000014,2.8200000000000003,-3.8299999999999983,2015-2019,S
24,NUSA TENGGARA TIMUR,-0.7099999999999937,-4.719999999999999,0.8900000000000006,0.3100000000000023,10.269999999999996,7.789999999999999,3.6700000000000017,2015-2019,S
25,PAPUA,-7.490000000000002,-4.109999999999999,-5.129999999999999,-0.04999999999999716,-1.8900000000000006,1.730000000000004,-1.75,2015-2019,S
26,BENGKULU,-3.0999999999999943,-11.71,2.3999999999999986,-11.290000000000006,2.240000000000002,-11.07,-4.359999999999999,2015-2019,S
27,MALUKU UTARA,-11.269999999999996,-12.489999999999995,-18.07,-10.280000000000001,-12.740000000000002,-7.649999999999999,-11.04,2015-2019,S
28,BANGKA BELITUNG,-1.5900000000000034,-0.7299999999999969,6.809999999999999,10.649999999999999,14.780000000000001,8.630000000000003,7.43,2015-2019,S
29,GORONTALO,-1.9500000000000028,-17.18,-10.060000000000002,-11.280000000000001,3.8100000000000023,-13.629999999999995,-6.82,2015-2019,S
30,BANTEN,-4.219999999999999,-6.439999999999998,-11.32,-5.020000000000003,-1.0499999999999972,-7.160000000000004,-5.57,2015-2019,S
31,KEPULAUAN RIAU,0.10999999999999943,4.159999999999997,5.190000000000005,5.760000000000005,7.519999999999996,0.44999999999999574,5.049999999999997,2015-2019,S
32,SULAWESI BARAT,-3.969999999999999,-8.479999999999997,-8.25,-3.450000000000003,2.1700000000000017,-0.6700000000000017,-2.8400000000000034,2015-2019,S
33,PAPUA BARAT,-13.159999999999997,-11.18,-21.93,-11.259999999999998,-11.259999999999998,-14.71,-14.07,2015-2019,S
34,KALIMANTAN UTARA,-1.3599999999999994,-4.600000000000001,2.469999999999999,4.2500000000000036,7.100000000000001,10.82,5.380000000000003,2015-2019,S
1,DKI JAKARTA,6.609999999999999,3.8599999999999994,-5.480000000000004,-1.1300000000000026,-2.019999999999996,-7.480000000000004,0.6699999999999946,2016-2017,S
2,JAWA BARAT,2.9099999999999966,-2.509999999999998,-15.240000000000002,-4.289999999999999,-5.289999999999999,-10.280000000000001,-5.020000000000003,2016-2017,S
3,JAWA TENGAH,4.290000000000006,-3.239999999999995,-8.82,1.8900000000000006,3.9399999999999977,-7.410000000000004,-0.9499999999999957,2016-2017,S
4,DI YOGYAKARTA,6.159999999999997,5.460000000000001,0.8299999999999983,9.519999999999996,6.899999999999999,1.6700000000000017,7.159999999999997,2016-2017,S
5,JAWA TIMUR,2.6200000000000045,-10.410000000000004,-16.14,-5.549999999999997,-2.1899999999999977,-13.450000000000003,-7.07,2016-2017,S
6,ACEH,1.3900000000000006,-10.629999999999995,-13.769999999999996,-17.21,-6.329999999999998,-15.559999999999995,-8.43,2016-2017,S
7,SUMATERA UTARA,-3.299999999999997,-9.030000000000008,-12.090000000000003,-18.230000000000004,-23.17,-14.590000000000003,-12.759999999999998,2016-2017,S
8,SUMATERA BARAT,4.350000000000001,0.6299999999999955,-7.079999999999998,-12.229999999999997,-9.959999999999994,-2.2900000000000063,-3.0400000000000063,2016-2017,S
9,RIAU,3.0600000000000023,-2.809999999999995,-8.729999999999997,-6.019999999999996,-1.4699999999999989,-9.39,-3.3000000000000043,2016-2017,S
10,JAMBI,3.8000000000000043,4.350000000000001,2.809999999999995,14.14,6.609999999999999,-4.170000000000002,5.1399999999999935,2016-2017,S
11,SUMATERA SELATAN,1.2800000000000011,-8.189999999999998,-14.619999999999997,-5.880000000000003,3.0600000000000023,-10.160000000000004,-5.1200000000000045,2016-2017,S
12,LAMPUNG,2.299999999999997,-7.719999999999999,-14.200000000000003,-10.559999999999995,-2.700000000000003,-12.950000000000003,-6.039999999999999,2016-2017,S
13,KALIMANTAN BARAT,2.3499999999999943,-7.229999999999997,-12.340000000000003,-9.309999999999995,-6.220000000000006,-12.04,-6.270000000000003,2016-2017,S
14,KALIMANTAN TENGAH,2.779999999999994,-1.8500000000000014,-2.41,-0.6000000000000014,-1.0500000000000043,-1.3299999999999983,3.020000000000003,2016-2017,S
15,KALIMANTAN SELATAN,5.570000000000007,2.719999999999999,-11.099999999999998,-5.25,0.2700000000000031,-10.300000000000004,-1.1000000000000014,2016-2017,S
16,KALIMANTAN TIMUR,6.920000000000002,10.049999999999997,0.10000000000000142,11.310000000000002,7.630000000000003,-3.3900000000000006,7.089999999999996,2016-2017,S
17,SULAWESI UTARA,1.9500000000000028,2.960000000000001,-13.869999999999997,-9.800000000000004,-1.480000000000004,-11.689999999999998,-3.950000000000003,2016-2017,S
18,SULAWESI TENGAH,2.780000000000001,4.969999999999999,-3.41,-1.490000000000002,9.799999999999997,-5.640000000000001,1.5900000000000034,2016-2017,S
19,SULAWESI SELATAN,-0.0799999999999983,2.8999999999999986,-21.58,-14.439999999999998,-1.1599999999999966,-11.549999999999997,-6.899999999999999,2016-2017,S
20,SULAWESI TENGGARA,2.719999999999999,12.660000000000004,9.800000000000004,-3.259999999999998,9.11,1.9699999999999989,5.420000000000002,2016-2017,S
21,MALUKU,-6.719999999999999,7.1200000000000045,0.46000000000000085,-6.920000000000002,5.130000000000003,0.769999999999996,1.1400000000000006,2016-2017,S
22,BALI,3.9000000000000057,6.25,-9.43,-16.809999999999995,-4.420000000000002,-10.959999999999994,-3.0,2016-2017,S
23,NUSA TENGGARA BARAT,-0.30000000000000426,1.4299999999999997,-5.43,-1.4499999999999957,8.64,-2.6499999999999986,1.1899999999999977,2016-2017,S
24,NUSA TENGGARA TIMUR,2.1899999999999977,5.299999999999997,0.9100000000000001,7.719999999999999,5.190000000000005,3.009999999999998,5.309999999999995,2016-2017,S
25,PAPUA,-3.9399999999999977,4.009999999999998,-0.4399999999999977,4.540000000000003,4.3700000000000045,-0.39000000000000057,2.4399999999999977,2016-2017,S
26,BENGKULU,2.3700000000000045,-2.759999999999998,-0.7000000000000028,1.9799999999999969,4.510000000000002,-2.75,2.0,2016-2017,S
27,MALUKU UTARA,-3.5,7.730000000000004,-0.030000000000001137,-8.600000000000001,-4.359999999999999,-2.0700000000000003,0.6599999999999966,2016-2017,S
28,BANGKA BELITUNG,6.470000000000006,-0.240000000000002,5.469999999999999,12.55,13.959999999999994,2.4200000000000017,7.650000000000006,2016-2017,S
29,GORONTALO,4.510000000000005,4.75,0.5499999999999972,13.5,13.149999999999999,-1.1499999999999986,4.609999999999999,2016-2017,S
30,BANTEN,2.789999999999992,-3.1500000000000057,-8.39,5.770000000000003,5.260000000000005,-8.21,-1.0700000000000003,2016-2017,S
31,KEPULAUAN RIAU,2.549999999999997,7.240000000000002,2.450000000000003,8.46,2.0,1.490000000000002,6.039999999999999,2016-2017,S
32,SULAWESI BARAT,0.23000000000000398,2.6000000000000014,-2.4400000000000013,9.68,17.07,-5.670000000000002,0.14000000000000057,2016-2017,S
33,PAPUA BARAT,-6.590000000000003,3.6599999999999966,-9.769999999999996,-3.1899999999999977,-0.21000000000000085,-6.309999999999995,-4.019999999999996,2016-2017,S
34,KALIMANTAN UTARA,3.719999999999999,-0.1599999999999966,-0.5299999999999976,7.569999999999997,6.8799999999999955,-0.25,4.420000000000002,2016-2017,S
1,DKI JAKARTA,4.710000000000008,6.349999999999994,-8.219999999999999,-6.630000000000003,-2.3599999999999994,-4.369999999999997,0.05999999999999517,2016-2018,S
2,JAWA BARAT,0.09999999999999432,0.21999999999999886,-20.58,-9.519999999999996,-6.149999999999999,-11.0,-6.710000000000001,2016-2018,S
3,JAWA TENGAH,1.8500000000000085,0.730000000000004,-11.5,-3.530000000000001,2.9499999999999957,-7.439999999999998,-1.509999999999998,2016-2018,S
4,DI YOGYAKARTA,2.8400000000000034,9.440000000000005,-3.3700000000000045,2.769999999999996,5.460000000000001,1.9400000000000048,5.839999999999996,2016-2018,S
5,JAWA TIMUR,1.0400000000000063,-5.3700000000000045,-18.630000000000003,-9.200000000000003,-3.509999999999998,-11.93,-6.729999999999997,2016-2018,S
6,ACEH,-0.5399999999999991,-11.780000000000001,-21.319999999999997,-17.54,-3.719999999999999,-15.829999999999998,-11.11,2016-2018,S
7,SUMATERA UTARA,-10.079999999999991,-17.800000000000004,-30.490000000000002,-31.04,-28.08,-27.490000000000002,-24.209999999999994,2016-2018,S
8,SUMATERA BARAT,3.490000000000002,-1.1799999999999997,-17.659999999999997,-21.21,-10.659999999999997,-6.530000000000001,-7.480000000000004,2016-2018,S
9,RIAU,-0.09999999999999432,-0.0899999999999963,-10.899999999999999,-4.089999999999996,-2.3899999999999935,-7.6299999999999955,-3.5600000000000023,2016-2018,S
10,JAMBI,0.5899999999999963,2.0,-8.600000000000001,2.8500000000000014,13.229999999999997,-6.039999999999999,0.36999999999999744,2016-2018,S
11,SUMATERA SELATAN,-1.5799999999999983,-3.9399999999999977,-15.52,-6.840000000000003,8.130000000000003,-7.520000000000003,-4.310000000000002,2016-2018,S
12,LAMPUNG,0.7899999999999991,-5.509999999999998,-17.470000000000002,-13.21,-1.1400000000000006,-13.490000000000002,-6.839999999999996,2016-2018,S
13,KALIMANTAN BARAT,0.5099999999999909,-2.0899999999999963,-13.259999999999998,-8.099999999999994,-3.1300000000000026,-9.009999999999998,-4.950000000000003,2016-2018,S
14,KALIMANTAN TENGAH,1.7399999999999949,-0.5600000000000023,-5.890000000000001,4.360000000000003,4.039999999999999,-1.4899999999999949,2.3800000000000026,2016-2018,S
15,KALIMANTAN SELATAN,5.560000000000002,7.039999999999999,-10.649999999999999,-6.609999999999999,3.1700000000000017,-5.030000000000001,0.990000000000002,2016-2018,S
16,KALIMANTAN TIMUR,4.910000000000011,8.029999999999994,-4.600000000000001,4.079999999999998,6.720000000000006,-2.8000000000000043,4.689999999999998,2016-2018,S
17,SULAWESI UTARA,2.1899999999999977,-1.0700000000000003,-18.83,-11.870000000000005,0.7100000000000009,-10.11,-5.910000000000004,2016-2018,S
18,SULAWESI TENGAH,2.780000000000001,1.2199999999999989,-4.48,-5.799999999999997,11.589999999999996,-1.5500000000000043,1.0600000000000023,2016-2018,S
19,SULAWESI SELATAN,0.5,-6.090000000000003,-30.779999999999998,-17.14,-2.25,-18.33,-12.799999999999997,2016-2018,S
20,SULAWESI TENGGARA,1.1300000000000026,-6.68,-10.269999999999996,-20.880000000000003,-0.8200000000000003,-10.43,-8.04,2016-2018,S
21,MALUKU,-1.4499999999999957,6.180000000000007,-1.0600000000000023,-4.469999999999999,9.54,0.6699999999999946,2.010000000000005,2016-2018,S
22,BALI,2.9099999999999966,2.990000000000002,-14.440000000000005,-17.139999999999993,-7.75,-6.149999999999999,-4.520000000000003,2016-2018,S
23,NUSA TENGGARA BARAT,0.9600000000000009,-0.46000000000000085,-8.559999999999999,-2.779999999999994,12.07,-0.9699999999999989,0.6599999999999966,2016-2018,S
24,NUSA TENGGARA TIMUR,4.8799999999999955,8.340000000000003,1.4200000000000017,7.609999999999999,10.450000000000003,3.059999999999995,7.07,2016-2018,S
25,PAPUA,-1.9399999999999977,2.6099999999999994,-3.41,3.6900000000000013,5.690000000000005,-2.8200000000000003,1.4200000000000017,2016-2018,S
26,BENGKULU,0.6099999999999994,2.8700000000000045,-0.75,5.019999999999996,10.859999999999996,0.8200000000000003,3.8999999999999986,2016-2018,S
27,MALUKU UTARA,-2.539999999999999,3.5600000000000023,-5.68,-4.790000000000006,-4.829999999999998,-6.799999999999997,-2.6000000000000014,2016-2018,S
28,BANGKA BELITUNG,2.1499999999999986,3.9499999999999957,0.17999999999999972,9.280000000000005,11.369999999999997,3.519999999999996,6.1100000000000065,2016-2018,S
29,GORONTALO,0.38000000000000256,2.759999999999998,-5.360000000000003,0.0799999999999983,1.6799999999999997,-1.6000000000000014,0.8400000000000034,2016-2018,S
30,BANTEN,0.4200000000000017,0.04999999999999716,-10.299999999999997,3.9399999999999977,5.480000000000004,-6.8600000000000065,-1.1499999999999986,2016-2018,S
31,KEPULAUAN RIAU,2.219999999999999,6.470000000000006,0.5300000000000011,6.810000000000002,6.530000000000001,2.280000000000001,5.520000000000003,2016-2018,S
32,SULAWESI BARAT,0.8900000000000006,-0.490000000000002,-3.240000000000002,2.3599999999999994,11.240000000000002,-1.6899999999999977,0.2600000000000051,2016-2018,S
33,PAPUA BARAT,-5.660000000000004,-2.539999999999999,-15.519999999999996,-12.800000000000004,-7.990000000000002,-12.549999999999997,-8.530000000000001,2016-2018,S
34,KALIMANTAN UTARA,2.009999999999998,0.6899999999999977,-4.809999999999999,4.629999999999999,5.229999999999997,4.07,3.730000000000004,2016-2018,S
1,DKI JAKARTA,7.189999999999998,9.090000000000003,-6.329999999999998,-1.1600000000000037,-1.3299999999999983,-2.6300000000000026,2.509999999999998,2016-2019,S
2,JAWA BARAT,2.3700000000000045,2.229999999999997,-16.0,-6.859999999999999,-5.039999999999999,-7.280000000000001,-3.700000000000003,2016-2019,S
3,JAWA TENGAH,4.5800000000000125,1.2000000000000028,-8.110000000000007,-0.3200000000000003,4.280000000000001,-5.340000000000003,0.7000000000000028,2016-2019,S
4,DI YOGYAKARTA,6.200000000000003,9.670000000000002,-0.060000000000002274,8.11,6.309999999999995,4.520000000000003,8.310000000000002,2016-2019,S
5,JAWA TIMUR,2.0900000000000034,-5.390000000000001,-15.810000000000002,-6.619999999999997,-3.1700000000000017,-10.670000000000002,-5.419999999999995,2016-2019,S
6,ACEH,-0.09000000000000341,-8.549999999999997,-15.849999999999998,-15.080000000000005,-1.019999999999996,-10.439999999999998,-7.609999999999999,2016-2019,S
7,SUMATERA UTARA,-10.099999999999994,-16.85000000000001,-27.260000000000005,-29.54,-28.61,-25.090000000000003,-22.709999999999994,2016-2019,S
8,SUMATERA BARAT,5.250000000000007,0.7399999999999949,-14.529999999999994,-19.29,-10.559999999999995,-3.4299999999999997,-5.140000000000001,2016-2019,S
9,RIAU,0.7600000000000051,-1.009999999999998,-11.059999999999995,-5.219999999999999,-4.829999999999998,-7.339999999999996,-3.719999999999999,2016-2019,S
10,JAMBI,4.240000000000002,6.229999999999997,-2.530000000000001,5.460000000000001,4.549999999999997,0.4899999999999949,4.869999999999997,2016-2019,S
11,SUMATERA SELATAN,-0.14999999999999858,-2.4100000000000037,-11.759999999999998,-5.25,7.490000000000002,-3.770000000000003,-1.9200000000000017,2016-2019,S
12,LAMPUNG,3.6299999999999955,-3.509999999999998,-12.93,-9.29,1.740000000000002,-9.300000000000004,-3.469999999999999,2016-2019,S
13,KALIMANTAN BARAT,3.1199999999999903,-0.4399999999999977,-9.660000000000004,-6.659999999999997,-2.510000000000005,-4.219999999999999,-2.1300000000000026,2016-2019,S
14,KALIMANTAN TENGAH,4.469999999999992,2.229999999999997,-1.1999999999999957,8.739999999999998,6.75,4.010000000000005,6.200000000000003,2016-2019,S
15,KALIMANTAN SELATAN,8.969999999999999,4.32,-7.689999999999998,-4.149999999999999,2.8000000000000043,0.7299999999999969,2.9200000000000017,2016-2019,S
16,KALIMANTAN TIMUR,8.14,5.43,-4.689999999999998,10.600000000000001,7.560000000000002,1.2800000000000011,5.770000000000003,2016-2019,S
17,SULAWESI UTARA,2.9100000000000037,-1.75,-14.39,-10.380000000000003,-4.359999999999999,-4.730000000000004,-3.8999999999999986,2016-2019,S
18,SULAWESI TENGAH,3.6700000000000017,0.3999999999999986,-1.4600000000000009,-1.5200000000000031,12.389999999999993,1.4699999999999989,2.6000000000000014,2016-2019,S
19,SULAWESI SELATAN,0.2600000000000051,-5.719999999999999,-26.240000000000002,-14.549999999999997,-2.1999999999999957,-13.93,-10.659999999999997,2016-2019,S
20,SULAWESI TENGGARA,-2.1000000000000014,-9.409999999999997,-16.38,-26.28,-14.310000000000002,-12.25,-12.0,2016-2019,S
21,MALUKU,-10.079999999999998,-5.5,-14.090000000000003,-10.280000000000001,-12.64,-5.940000000000005,-8.519999999999996,2016-2019,S
22,BALI,6.230000000000004,-0.4299999999999997,-15.280000000000001,-16.08,-10.57,-9.329999999999998,-5.32,2016-2019,S
23,NUSA TENGGARA BARAT,1.2899999999999991,2.1999999999999957,-3.389999999999997,1.0100000000000051,10.829999999999998,4.880000000000003,3.8999999999999986,2016-2019,S
24,NUSA TENGGARA TIMUR,5.07,6.43,2.799999999999997,7.68,8.030000000000001,7.229999999999997,7.57,2016-2019,S
25,PAPUA,-4.579999999999998,3.8299999999999983,-0.10999999999999943,6.300000000000001,2.789999999999999,2.950000000000003,2.9299999999999997,2016-2019,S
26,BENGKULU,2.280000000000001,5.230000000000004,5.509999999999998,8.949999999999996,11.120000000000001,5.200000000000003,7.450000000000003,2016-2019,S
27,MALUKU UTARA,-8.879999999999995,-2.3799999999999955,-11.159999999999997,-5.560000000000002,-14.530000000000001,-7.349999999999994,-7.270000000000003,2016-2019,S
28,BANGKA BELITUNG,5.039999999999999,4.399999999999999,4.82,12.84,13.879999999999995,5.82,8.810000000000002,2016-2019,S
29,GORONTALO,2.3999999999999986,4.57,-0.2600000000000051,3.969999999999999,1.5300000000000011,2.3800000000000026,3.990000000000002,2016-2019,S
30,BANTEN,2.819999999999993,3.4399999999999977,-6.189999999999998,7.479999999999997,6.970000000000006,-1.220000000000006,2.509999999999998,2016-2019,S
31,KEPULAUAN RIAU,5.509999999999991,11.630000000000003,1.0200000000000031,14.950000000000003,6.449999999999996,4.25,8.479999999999997,2016-2019,S
32,SULAWESI BARAT,1.980000000000004,4.25,-0.370000000000001,3.4299999999999997,3.0,4.850000000000001,3.789999999999999,2016-2019,S
33,PAPUA BARAT,-7.6200000000000045,-4.260000000000005,-16.949999999999996,-7.969999999999999,-6.479999999999997,-9.469999999999999,-8.949999999999996,2016-2019,S
34,KALIMANTAN UTARA,5.079999999999998,3.3699999999999974,0.4400000000000013,6.360000000000003,5.719999999999999,3.5,6.340000000000003,2016-2019,S
1,DKI JAKARTA,-1.8999999999999915,2.489999999999995,-2.739999999999995,-5.5,-0.3400000000000034,3.1100000000000065,-0.6099999999999994,2017-2018,S
2,JAWA BARAT,-2.8100000000000023,2.729999999999997,-5.339999999999996,-5.229999999999997,-0.8599999999999994,-0.7199999999999989,-1.6899999999999977,2017-2018,S
3,JAWA TENGAH,-2.4399999999999977,3.969999999999999,-2.6799999999999997,-5.420000000000002,-0.990000000000002,-0.02999999999999403,-0.5600000000000023,2017-2018,S
4,DI YOGYAKARTA,-3.319999999999993,3.980000000000004,-4.200000000000003,-6.75,-1.4399999999999977,0.2700000000000031,-1.3200000000000003,2017-2018,S
5,JAWA TIMUR,-1.5799999999999983,5.039999999999999,-2.490000000000002,-3.6500000000000057,-1.3200000000000003,1.5200000000000031,0.3400000000000034,2017-2018,S
6,ACEH,-1.9299999999999997,-1.1500000000000057,-7.550000000000001,-0.3299999999999983,2.6099999999999994,-0.2700000000000031,-2.6799999999999997,2017-2018,S
7,SUMATERA UTARA,-6.779999999999994,-8.769999999999996,-18.4,-12.809999999999995,-4.909999999999997,-12.899999999999999,-11.449999999999996,2017-2018,S
8,SUMATERA BARAT,-0.8599999999999994,-1.8099999999999952,-10.579999999999998,-8.980000000000004,-0.7000000000000028,-4.239999999999995,-4.439999999999998,2017-2018,S
9,RIAU,-3.1599999999999966,2.719999999999999,-2.1700000000000017,1.9299999999999997,-0.9199999999999946,1.7600000000000051,-0.259999999999998,2017-2018,S
10,JAMBI,-3.210000000000008,-2.3500000000000014,-11.409999999999997,-11.29,6.619999999999997,-1.8699999999999974,-4.769999999999996,2017-2018,S
11,SUMATERA SELATAN,-2.8599999999999994,4.25,-0.9000000000000021,-0.9600000000000009,5.07,2.6400000000000006,0.8100000000000023,2017-2018,S
12,LAMPUNG,-1.509999999999998,2.210000000000001,-3.2699999999999996,-2.6500000000000057,1.5600000000000023,-0.5399999999999991,-0.7999999999999972,2017-2018,S
13,KALIMANTAN BARAT,-1.8400000000000034,5.140000000000001,-0.9199999999999946,1.2100000000000009,3.0900000000000034,3.030000000000001,1.3200000000000003,2017-2018,S
14,KALIMANTAN TENGAH,-1.0399999999999991,1.2899999999999991,-3.4800000000000004,4.960000000000004,5.090000000000003,-0.1599999999999966,-0.6400000000000006,2017-2018,S
15,KALIMANTAN SELATAN,-0.010000000000005116,4.32,0.4499999999999993,-1.3599999999999994,2.8999999999999986,5.270000000000003,2.0900000000000034,2017-2018,S
16,KALIMANTAN TIMUR,-2.009999999999991,-2.020000000000003,-4.700000000000003,-7.230000000000004,-0.9099999999999966,0.5899999999999963,-2.3999999999999986,2017-2018,S
17,SULAWESI UTARA,0.23999999999999488,-4.030000000000001,-4.960000000000001,-2.0700000000000003,2.190000000000005,1.5799999999999983,-1.9600000000000009,2017-2018,S
18,SULAWESI TENGAH,0.0,-3.75,-1.0700000000000003,-4.309999999999995,1.7899999999999991,4.089999999999996,-0.5300000000000011,2017-2018,S
19,SULAWESI SELATAN,0.5799999999999983,-8.990000000000002,-9.2,-2.700000000000003,-1.0900000000000034,-6.780000000000001,-5.899999999999999,2017-2018,S
20,SULAWESI TENGGARA,-1.5899999999999963,-19.340000000000003,-20.07,-17.620000000000005,-9.93,-12.399999999999999,-13.46,2017-2018,S
21,MALUKU,5.270000000000003,-0.9399999999999977,-1.5200000000000031,2.450000000000003,4.409999999999997,-0.10000000000000142,0.8700000000000045,2017-2018,S
22,BALI,-0.9900000000000091,-3.259999999999998,-5.010000000000005,-0.3299999999999983,-3.3299999999999983,4.809999999999995,-1.5200000000000031,2017-2018,S
23,NUSA TENGGARA BARAT,1.2600000000000051,-1.8900000000000006,-3.129999999999999,-1.3299999999999983,3.4299999999999997,1.6799999999999997,-0.5300000000000011,2017-2018,S
24,NUSA TENGGARA TIMUR,2.6899999999999977,3.0400000000000063,0.5100000000000016,-0.10999999999999943,5.259999999999998,0.04999999999999716,1.7600000000000051,2017-2018,S
25,PAPUA,2.0,-1.3999999999999986,-2.9700000000000024,-0.8500000000000014,1.3200000000000003,-2.4299999999999997,-1.019999999999996,2017-2018,S
26,BENGKULU,-1.7600000000000051,5.630000000000003,-0.04999999999999716,3.039999999999999,6.349999999999994,3.5700000000000003,1.8999999999999986,2017-2018,S
27,MALUKU UTARA,0.9600000000000009,-4.170000000000002,-5.649999999999999,3.809999999999995,-0.46999999999999886,-4.729999999999997,-3.259999999999998,2017-2018,S
28,BANGKA BELITUNG,-4.320000000000007,4.189999999999998,-5.289999999999999,-3.269999999999996,-2.5899999999999963,1.0999999999999943,-1.5399999999999991,2017-2018,S
29,GORONTALO,-4.130000000000003,-1.990000000000002,-5.91,-13.420000000000002,-11.469999999999999,-0.45000000000000284,-3.769999999999996,2017-2018,S
30,BANTEN,-2.3699999999999903,3.200000000000003,-1.9099999999999966,-1.8300000000000054,0.21999999999999886,1.3499999999999943,-0.0799999999999983,2017-2018,S
31,KEPULAUAN RIAU,-0.3299999999999983,-0.769999999999996,-1.9200000000000017,-1.6499999999999986,4.530000000000001,0.7899999999999991,-0.519999999999996,2017-2018,S
32,SULAWESI BARAT,0.6599999999999966,-3.0900000000000034,-0.8000000000000007,-7.32,-5.829999999999998,3.980000000000004,0.12000000000000455,2017-2018,S
33,PAPUA BARAT,0.9299999999999997,-6.199999999999996,-5.75,-9.610000000000007,-7.780000000000001,-6.240000000000002,-4.510000000000005,2017-2018,S
34,KALIMANTAN UTARA,-1.7100000000000009,0.8499999999999943,-4.280000000000001,-2.9399999999999977,-1.6499999999999986,4.32,-0.6899999999999977,2017-2018,S
1,DKI JAKARTA,0.5799999999999983,5.230000000000004,-0.8499999999999943,-0.030000000000001137,0.6899999999999977,4.850000000000001,1.8400000000000034,2017-2019,S
2,JAWA BARAT,-0.539999999999992,4.739999999999995,-0.759999999999998,-2.5700000000000003,0.25,3.0,1.3200000000000003,2017-2019,S
3,JAWA TENGAH,0.29000000000000625,4.439999999999998,0.7099999999999937,-2.210000000000001,0.3400000000000034,2.0700000000000003,1.6499999999999986,2017-2019,S
4,DI YOGYAKARTA,0.04000000000000625,4.210000000000001,-0.8900000000000006,-1.4099999999999966,-0.5900000000000034,2.8500000000000014,1.1500000000000057,2017-2019,S
5,JAWA TIMUR,-0.5300000000000011,5.020000000000003,0.3299999999999983,-1.0700000000000003,-0.980000000000004,2.780000000000001,1.6500000000000057,2017-2019,S
6,ACEH,-1.480000000000004,2.0799999999999983,-2.080000000000002,2.1299999999999955,5.310000000000002,5.119999999999997,0.8200000000000003,2017-2019,S
7,SUMATERA UTARA,-6.799999999999997,-7.82,-15.170000000000002,-11.309999999999995,-5.439999999999998,-10.5,-9.949999999999996,2017-2019,S
8,SUMATERA BARAT,0.9000000000000057,0.10999999999999943,-7.449999999999996,-7.060000000000002,-0.6000000000000014,-1.1399999999999935,-2.0999999999999943,2017-2019,S
9,RIAU,-2.299999999999997,1.7999999999999972,-2.3299999999999983,0.7999999999999972,-3.3599999999999994,2.0500000000000043,-0.4199999999999946,2017-2019,S
10,JAMBI,0.4399999999999977,1.8799999999999955,-5.339999999999996,-8.68,-2.0600000000000023,4.659999999999997,-0.269999999999996,2017-2019,S
11,SUMATERA SELATAN,-1.4299999999999997,5.779999999999994,2.8599999999999994,0.6300000000000026,4.43,6.390000000000001,3.200000000000003,2017-2019,S
12,LAMPUNG,1.3299999999999983,4.210000000000001,1.2700000000000031,1.269999999999996,4.440000000000005,3.6499999999999986,2.5700000000000003,2017-2019,S
13,KALIMANTAN BARAT,0.769999999999996,6.789999999999999,2.6799999999999997,2.6499999999999986,3.710000000000001,7.82,4.140000000000001,2017-2019,S
14,KALIMANTAN TENGAH,1.6899999999999977,4.079999999999998,1.2100000000000044,9.34,7.800000000000004,5.340000000000003,3.1799999999999997,2017-2019,S
15,KALIMANTAN SELATAN,3.3999999999999915,1.6000000000000014,3.41,1.1000000000000014,2.530000000000001,11.030000000000001,4.020000000000003,2017-2019,S
16,KALIMANTAN TIMUR,1.2199999999999989,-4.619999999999997,-4.789999999999999,-0.7100000000000009,-0.07000000000000028,4.670000000000002,-1.3199999999999932,2017-2019,S
17,SULAWESI UTARA,0.9600000000000009,-4.710000000000001,-0.5200000000000031,-0.5799999999999983,-2.8799999999999955,6.959999999999994,0.05000000000000426,2017-2019,S
18,SULAWESI TENGAH,0.8900000000000006,-4.57,1.9499999999999993,-0.030000000000001137,2.5899999999999963,7.109999999999999,1.009999999999998,2017-2019,S
19,SULAWESI SELATAN,0.3400000000000034,-8.619999999999997,-4.660000000000004,-0.10999999999999943,-1.0399999999999991,-2.3800000000000026,-3.759999999999998,2017-2019,S
20,SULAWESI TENGGARA,-4.82,-22.07,-26.180000000000003,-23.020000000000003,-23.42,-14.219999999999999,-17.42,2017-2019,S
21,MALUKU,-3.3599999999999994,-12.620000000000005,-14.550000000000004,-3.3599999999999994,-17.770000000000003,-6.710000000000001,-9.659999999999997,2017-2019,S
22,BALI,2.3299999999999983,-6.68,-5.850000000000001,0.7299999999999969,-6.149999999999999,1.6299999999999955,-2.3200000000000003,2017-2019,S
23,NUSA TENGGARA BARAT,1.5900000000000034,0.769999999999996,2.0400000000000027,2.460000000000001,2.1899999999999977,7.530000000000001,2.710000000000001,2017-2019,S
24,NUSA TENGGARA TIMUR,2.8800000000000026,1.1300000000000026,1.889999999999997,-0.03999999999999915,2.8399999999999963,4.219999999999999,2.260000000000005,2017-2019,S
25,PAPUA,-0.6400000000000006,-0.17999999999999972,0.3299999999999983,1.759999999999998,-1.5800000000000054,3.3400000000000034,0.490000000000002,2017-2019,S
26,BENGKULU,-0.09000000000000341,7.990000000000002,6.210000000000001,6.969999999999999,6.609999999999999,7.950000000000003,5.450000000000003,2017-2019,S
27,MALUKU UTARA,-5.3799999999999955,-10.11,-11.129999999999995,3.039999999999999,-10.170000000000002,-5.279999999999994,-7.93,2017-2019,S
28,BANGKA BELITUNG,-1.4300000000000068,4.640000000000001,-0.6499999999999986,0.28999999999999915,-0.0799999999999983,3.3999999999999986,1.1599999999999966,2017-2019,S
29,GORONTALO,-2.1100000000000065,-0.17999999999999972,-0.8100000000000023,-9.530000000000001,-11.619999999999997,3.530000000000001,-0.6199999999999974,2017-2019,S
30,BANTEN,0.030000000000001137,6.590000000000003,2.200000000000003,1.7099999999999937,1.7100000000000009,6.989999999999995,3.5799999999999983,2017-2019,S
31,KEPULAUAN RIAU,2.9599999999999937,4.390000000000001,-1.4299999999999997,6.490000000000002,4.449999999999996,2.759999999999998,2.4399999999999977,2017-2019,S
32,SULAWESI BARAT,1.75,1.6499999999999986,2.0700000000000003,-6.25,-14.07,10.520000000000003,3.6499999999999986,2017-2019,S
33,PAPUA BARAT,-1.0300000000000011,-7.920000000000002,-7.18,-4.780000000000001,-6.269999999999996,-3.1600000000000037,-4.93,2017-2019,S
34,KALIMANTAN UTARA,1.3599999999999994,3.529999999999994,0.9699999999999989,-1.2099999999999937,-1.1599999999999966,3.75,1.9200000000000017,2017-2019,S
1,DKI JAKARTA,2.4799999999999898,2.740000000000009,1.8900000000000006,5.469999999999999,1.0300000000000011,1.7399999999999949,2.450000000000003,2018-2019,S
2,JAWA BARAT,2.2700000000000102,2.009999999999998,4.579999999999998,2.6599999999999966,1.1099999999999994,3.719999999999999,3.009999999999998,2018-2019,S
3,JAWA TENGAH,2.730000000000004,0.46999999999999886,3.3899999999999935,3.210000000000001,1.3300000000000054,2.0999999999999943,2.210000000000001,2018-2019,S
4,DI YOGYAKARTA,3.3599999999999994,0.22999999999999687,3.3100000000000023,5.340000000000003,0.8499999999999943,2.5799999999999983,2.470000000000006,2018-2019,S
5,JAWA TIMUR,1.0499999999999972,-0.01999999999999602,2.8200000000000003,2.5800000000000054,0.3399999999999963,1.259999999999998,1.3100000000000023,2018-2019,S
6,ACEH,0.44999999999999574,3.230000000000004,5.469999999999999,2.4599999999999937,2.700000000000003,5.390000000000001,3.5,2018-2019,S
7,SUMATERA UTARA,-0.020000000000003126,0.9499999999999957,3.229999999999997,1.5,-0.5300000000000011,2.3999999999999986,1.5,2018-2019,S
8,SUMATERA BARAT,1.7600000000000051,1.9199999999999946,3.1300000000000026,1.9200000000000017,0.10000000000000142,3.1000000000000014,2.3400000000000034,2018-2019,S
9,RIAU,0.8599999999999994,-0.9200000000000017,-0.1599999999999966,-1.1300000000000026,-2.440000000000005,0.28999999999999915,-0.1599999999999966,2018-2019,S
10,JAMBI,3.6500000000000057,4.229999999999997,6.07,2.6099999999999994,-8.68,6.529999999999994,4.5,2018-2019,S
11,SUMATERA SELATAN,1.4299999999999997,1.529999999999994,3.7600000000000016,1.5900000000000034,-0.6400000000000006,3.75,2.3900000000000006,2018-2019,S
12,LAMPUNG,2.8399999999999963,2.0,4.540000000000003,3.9200000000000017,2.8800000000000026,4.189999999999998,3.3699999999999974,2018-2019,S
13,KALIMANTAN BARAT,2.6099999999999994,1.6499999999999986,3.5999999999999943,1.4399999999999977,0.6199999999999974,4.789999999999999,2.8200000000000003,2018-2019,S
14,KALIMANTAN TENGAH,2.729999999999997,2.789999999999999,4.690000000000005,4.3799999999999955,2.710000000000001,5.5,3.8200000000000003,2018-2019,S
15,KALIMANTAN SELATAN,3.4099999999999966,-2.719999999999999,2.960000000000001,2.460000000000001,-0.36999999999999744,5.759999999999998,1.9299999999999997,2018-2019,S
16,KALIMANTAN TIMUR,3.2299999999999898,-2.5999999999999943,-0.0899999999999963,6.520000000000003,0.8399999999999963,4.080000000000005,1.0800000000000054,2018-2019,S
17,SULAWESI UTARA,0.720000000000006,-0.6799999999999997,4.439999999999998,1.490000000000002,-5.07,5.3799999999999955,2.010000000000005,2018-2019,S
18,SULAWESI TENGAH,0.8900000000000006,-0.8200000000000003,3.0199999999999996,4.279999999999994,0.7999999999999972,3.020000000000003,1.5399999999999991,2018-2019,S
19,SULAWESI SELATAN,-0.23999999999999488,0.37000000000000455,4.539999999999996,2.5900000000000034,0.05000000000000426,4.399999999999999,2.1400000000000006,2018-2019,S
20,SULAWESI TENGGARA,-3.230000000000004,-2.729999999999997,-6.110000000000003,-5.399999999999999,-13.490000000000002,-1.8200000000000003,-3.960000000000001,2018-2019,S
21,MALUKU,-8.630000000000003,-11.680000000000007,-13.030000000000001,-5.810000000000002,-22.18,-6.609999999999999,-10.530000000000001,2018-2019,S
22,BALI,3.3200000000000074,-3.4200000000000017,-0.8399999999999963,1.0599999999999952,-2.8200000000000003,-3.1799999999999997,-0.7999999999999972,2018-2019,S
23,NUSA TENGGARA BARAT,0.3299999999999983,2.6599999999999966,5.170000000000002,3.789999999999999,-1.240000000000002,5.850000000000001,3.240000000000002,2018-2019,S
24,NUSA TENGGARA TIMUR,0.19000000000000483,-1.9100000000000037,1.3799999999999955,0.07000000000000028,-2.4200000000000017,4.170000000000002,0.5,2018-2019,S
25,PAPUA,-2.6400000000000006,1.2199999999999989,3.3000000000000007,2.6099999999999994,-2.9000000000000057,5.770000000000003,1.509999999999998,2018-2019,S
26,BENGKULU,1.6700000000000017,2.3599999999999994,6.259999999999998,3.9299999999999997,0.2600000000000051,4.380000000000003,3.5500000000000043,2018-2019,S
27,MALUKU UTARA,-6.339999999999996,-5.939999999999998,-5.479999999999997,-0.769999999999996,-9.700000000000003,-0.5499999999999972,-4.670000000000002,2018-2019,S
28,BANGKA BELITUNG,2.8900000000000006,0.45000000000000284,4.640000000000001,3.559999999999995,2.509999999999998,2.3000000000000043,2.6999999999999957,2018-2019,S
29,GORONTALO,2.019999999999996,1.8100000000000023,5.099999999999998,3.8900000000000006,-0.14999999999999858,3.980000000000004,3.1499999999999986,2018-2019,S
30,BANTEN,2.3999999999999915,3.3900000000000006,4.109999999999999,3.539999999999999,1.490000000000002,5.640000000000001,3.6599999999999966,2018-2019,S
31,KEPULAUAN RIAU,3.289999999999992,5.159999999999997,0.490000000000002,8.14,-0.0800000000000054,1.9699999999999989,2.9599999999999937,2018-2019,S
32,SULAWESI BARAT,1.0900000000000034,4.740000000000002,2.870000000000001,1.0700000000000003,-8.240000000000002,6.539999999999999,3.529999999999994,2018-2019,S
33,PAPUA BARAT,-1.9600000000000009,-1.720000000000006,-1.4299999999999997,4.830000000000005,1.5100000000000051,3.0799999999999983,-0.4199999999999946,2018-2019,S
34,KALIMANTAN UTARA,3.0700000000000003,2.6799999999999997,5.25,1.730000000000004,0.490000000000002,-0.5700000000000003,2.6099999999999994,2018-2019,S
